bereich,unterkategorie
Fertigungstechnik,Prüftechnik
Fertigungstechnik,Messmittel
Fertigungstechnik,Form- und Lagetoleranzen
Fertigungstechnik,Fügeverfahren
Fertigungstechnik,Zerspanung
Montage,Grundlagen
Montage,Baugruppen
Maschinenelemente,Schrauben
Maschinenelemente,Welle-Nabe-Verbindungen
Maschinenelemente,Lager
Instandhaltung,Allgemein
Instandhaltung,Wartung
Instandhaltung,Inspektion
Instandhaltung,Instandsetzung
Instandhaltung,Verbesserung
Werkstofftechnik,Eisenwerkstoffe
Werkstofftechnik,Wärmebehandlung
